{
  "metrics_before": [
    0.98,
    0.72,
    0.16666666666666666,
    4.0,
    0.0,
    -0.6533333333333332
  ],
  "metrics_after_sample": [
    0.98,
    0.66,
    0.07407407407407407,
    3.0,
    0.0,
    -0.6470370370370369
  ],
  "mc_report": {
    "fit_mean": -0.6486281217907529,
    "fit_std": 0.03889140136255936,
    "cov_mean": 0.9481,
    "cov_std": 0.03325536946103515,
    "conn_mean": 0.14555624358150596,
    "conn_std": 0.05327846749605468
  }
}