{
  "metrics_before": [
    0.88,
    0.7,
    0.13333333333333333,
    5.0,
    0.0,
    -0.4866666666666667
  ],
  "metrics_after_sample": [
    0.86,
    0.66,
    0.0,
    4.0,
    0.0,
    -0.42
  ],
  "mc_report": {
    "fit_mean": -0.4949137296784785,
    "fit_std": 0.04116991313184712,
    "cov_mean": 0.8559,
    "cov_std": 0.027948085397517575,
    "conn_mean": 0.1150274593569571,
    "conn_std": 0.050918284631637355
  }
}