{
  "metrics_before": [
    0.96,
    0.62,
    0.2,
    5.0,
    0.0,
    -0.6799999999999999
  ],
  "metrics_after_sample": [
    0.92,
    0.48,
    0.23076923076923078,
    5.0,
    0.0,
    -0.7053846153846155
  ],
  "mc_report": {
    "fit_mean": -0.6593327079210699,
    "fit_std": 0.054190041290775495,
    "cov_mean": 0.9198999999999999,
    "cov_std": 0.041066070064625884,
    "conn_mean": 0.19236541584213995,
    "conn_std": 0.03394689578116833
  }
}