{
  "metrics_before": [
    0.94,
    0.48,
    0.6666666666666666,
    5.0,
    0.0,
    -0.9533333333333331
  ],
  "metrics_after_sample": [
    0.94,
    0.38,
    0.4074074074074074,
    5.0,
    0.0,
    -0.8737037037037036
  ],
  "mc_report": {
    "fit_mean": -0.8589657993576472,
    "fit_std": 0.09664238103749498,
    "cov_mean": 0.8966999999999998,
    "cov_std": 0.0519674231160891,
    "conn_mean": 0.5458315987152944,
    "conn_std": 0.15417692244927342
  }
}