{
  "metrics_before": [
    0.88,
    0.6,
    0.36666666666666664,
    12.0,
    0.0,
    -0.5833333333333335
  ],
  "metrics_after_sample": [
    0.84,
    0.5,
    0.4074074074074074,
    11.0,
    0.0,
    -0.6037037037037036
  ],
  "mc_report": {
    "fit_mean": -0.5737493402704796,
    "fit_std": 0.0642975701221245,
    "cov_mean": 0.8471000000000001,
    "cov_std": 0.03856196475321429,
    "conn_mean": 0.3518986805409594,
    "conn_std": 0.05202012389118094
  }
}