{
  "metrics_before": [
    0.86,
    0.6,
    0.3,
    4.0,
    0.0,
    -0.6000000000000001
  ],
  "metrics_after_sample": [
    0.86,
    0.52,
    0.18518518518518517,
    3.0,
    0.0,
    -0.5925925925925926
  ],
  "mc_report": {
    "fit_mean": -0.5722884667098685,
    "fit_std": 0.05933038328531919,
    "cov_mean": 0.8287,
    "cov_std": 0.03885690796348072,
    "conn_mean": 0.283976933419737,
    "conn_std": 0.04414570042129589
  }
}